Date	cash_rate	cpi	gdp	ue_aus	ue_nsw	ue_vic	ue_qld	ue_sa	ue_wa	ue_tas	ue_nt	ue_act
01 Jan 1990	17.81	7.8	-0.4	6.106377	6.0324196	4.7073808	6.9071581	7.0593376	6.725862	8.5428673	6.6292315	5.4289895
01 Feb 1990	16.8	7.8	-0.4	6.3787087	6.1334222	4.7535975	7.02347	7.0541785	6.9816605	8.4987871	6.5836289	5.3999499
01 Mar 1990	16.43	8.7	0.9	6.1849803	6.2193267	4.8507266	7.2153661	7.0184814	7.2037271	8.4931812	6.5353137	5.3372157
01 Apr 1990	15.17	8.7	0.9	6.2792566	6.2880761	5.0257786	7.4465581	7.0304481	7.3710051	8.5635346	6.4653028	5.2487958
01 May 1990	15.02	8.7	0.9	6.5060188	6.340786	5.2826901	7.6857218	7.134631	7.5037811	8.7284767	6.5705642	5.1435547
01 Jun 1990	15.05	7.7	0.1	6.6120581	6.4012128	5.6347078	7.9101884	7.3221076	7.660107	8.9536001	6.8315797	5.0793986
01 Jul 1990	15.02	7.7	0.1	7.0494548	6.4886282	6.065791	8.1394541	7.5600028	7.8575875	9.1478317	7.1536653	5.0918606
01 Aug 1990	14	7.7	0.1	7.2056196	6.5964452	6.5371088	8.3646667	7.8346328	8.0500791	9.2391497	7.4644421	5.1895654
01 Sep 1990	14	6.1	-0.5	7.3754903	6.7109044	6.9942011	8.5713992	8.0986715	8.2290031	9.2289819	7.697176	5.4221931
01 Oct 1990	13.43	6.1	-0.5	7.634766	6.8407381	7.3702833	8.7595946	8.3149168	8.4055853	9.1729699	7.8481348	5.7402244
01 Nov 1990	13	6.1	-0.5	7.9296507	7.0237831	7.7095779	8.960002	8.5118826	8.643424	9.1436059	7.9424856	6.0268584
01 Dec 1990	12.58	6.9	0.6	8.0075827	7.2742877	8.0642697	9.2145493	8.7157541	8.9584626	9.2118475	8.0933663	6.2166763
01 Jan 1991	12	6.9	0.6	8.3809322	7.5715167	8.4762408	9.5134205	8.925583	9.3376986	9.4216696	8.3038136	6.2623532
01 Feb 1991	12	6.9	0.6	8.6074073	7.8673798	8.9426541	9.8142631	9.151303	9.7557631	9.7554923	8.5244791	6.2180333
01 Mar 1991	12	4.8	-1.3	9.1739001	8.1184685	9.3959897	10.0588064	9.3738469	10.1746806	10.1468045	8.7564537	6.1722445
01 Apr 1991	11.55	4.8	-1.3	9.8554254	8.3304634	9.789934	10.1966575	9.5841012	10.5305518	10.5242868	8.8519155	6.1899432
01 May 1991	10.98	4.8	-1.3	9.5000511	8.5171898	10.0752302	10.220324	9.7721925	10.7652893	10.8056383	8.8299583	6.2910078
01 Jun 1991	10.5	3.3	-0.1	9.4952486	8.7042545	10.2388703	10.1188053	9.9481541	10.8994406	10.9681896	8.7747921	6.4198519
01 Jul 1991	10.5	3.3	-0.1	9.6911788	8.9170616	10.3069095	9.9480385	10.1283193	10.9391849	11.044669	8.8043942	6.5520617
01 Aug 1991	10.5	3.3	-0.1	9.7867442	9.1685148	10.3578072	9.7716712	10.3092766	10.9343691	11.0796216	8.8889988	6.6545671
01 Sep 1991	9.55	3.1	0.3	10.031625	9.4427323	10.430013	9.6750648	10.4814808	10.9219653	11.0991677	8.9930765	6.6991145
01 Oct 1991	9.5	3.1	0.3	9.9805318	9.6849391	10.5521375	9.684214	10.6451886	10.9330969	11.1374216	9.1618424	6.7283884
01 Nov 1991	8.64	3.1	0.3	10.1785046	9.8308768	10.7041519	9.7604783	10.7863137	10.9749595	11.1881423	9.232021	6.828719
01 Dec 1991	8.5	1.5	0.2	10.4586221	9.8677383	10.8547038	9.8534059	10.9204264	11.0387548	11.2125248	9.0545111	6.941287
01 Jan 1992	7.69	1.5	0.2	10.3303215	9.8277272	11.0064311	9.9236985	11.0874274	11.1110577	11.2040512	8.594726	7.0156089
01 Feb 1992	7.5	1.5	0.2	10.4033388	9.7746407	11.1690717	10.0072824	11.2844477	11.1377047	11.1859292	8.0838352	7.0591945
01 Mar 1992	7.5	1.7	0.9	10.4829971	9.7710926	11.3486896	10.0908302	11.4729974	11.110799	11.202583	7.6545678	7.1130711
01 Apr 1992	7.5	1.7	0.9	10.4596716	9.837524	11.5004441	10.1795323	11.6297739	11.0503915	11.2291176	7.3827898	7.2613541
01 May 1992	6.64	1.7	0.9	10.6122374	9.976198	11.5836991	10.2685832	11.7290433	11.0050402	11.2905057	7.2314318	7.5083677
01 Jun 1992	6.5	1.2	0.7	10.8212816	10.1711765	11.6061471	10.3431849	11.7657497	10.9727936	11.3804266	7.1300719	7.7943162
01 Jul 1992	5.91	1.2	0.7	11.0791894	10.3892475	11.5869369	10.4105095	11.7677511	10.9687109	11.4571147	7.1289396	8.0019733
01 Aug 1992	5.75	1.2	0.7	10.7185916	10.5813376	11.5457063	10.4519454	11.7679213	10.9805213	11.5362001	7.2194175	8.0185644
01 Sep 1992	5.75	0.8	0.9	10.6123996	10.7390719	11.522029	10.4811814	11.7861385	10.9652208	11.6405806	7.370938	7.825604
01 Oct 1992	5.75	0.8	0.9	11.0837133	10.8694813	11.533999	10.5097017	11.804122	10.8607199	11.7584366	7.5976655	7.4711936
01 Nov 1992	5.75	0.8	0.9	11.1192782	10.9730331	11.5464067	10.5510718	11.8148995	10.6496101	11.8870646	7.9255408	7.1106458
01 Dec 1992	5.75	0.3	2	11.200338	11.027767	11.5460262	10.5867232	11.7733309	10.3983951	12.035181	8.2782271	6.8590718
01 Jan 1993	5.75	0.3	2	10.8224069	11.0237313	11.5494457	10.5818926	11.6586732	10.1435484	12.1785703	8.5270572	6.7905216
01 Feb 1993	5.75	0.3	2	11.015615	10.963649	11.5708041	10.5196297	11.5076987	9.9185649	12.2945925	8.5833875	6.8570024
01 Mar 1993	5.6	1.2	0.9	10.8416506	10.8605358	11.6514429	10.4297246	11.3553017	9.7421967	12.4075161	8.5062284	6.9600497
01 Apr 1993	5.25	1.2	0.9	10.7518669	10.7551886	11.8119867	10.397476	11.1904228	9.6301822	12.5322676	8.421731	7.0621126
01 May 1993	5.25	1.2	0.9	10.7769638	10.6722914	12.0240614	10.4255711	11.0314604	9.568827	12.6696527	8.2719625	7.1342477
01 Jun 1993	5.25	1.8	0.5	11.0056599	10.6191283	12.2159366	10.5039591	10.9120623	9.535397	12.8146376	8.0566735	7.2029533
01 Jul 1993	5.23	1.8	0.5	10.8957109	10.6050142	12.3438416	10.5878433	10.837877	9.5203496	12.9366373	7.7292266	7.2586298
01 Aug 1993	4.75	1.8	0.5	10.9802115	10.6278626	12.3911089	10.6339294	10.8206607	9.4766056	12.9640012	7.3939824	7.2920739
01 Sep 1993	4.75	2.2	0.2	10.7352857	10.661791	12.3613499	10.6079767	10.8742557	9.4189213	12.8519984	7.1694838	7.3009086
01 Oct 1993	4.75	2.2	0.2	10.9469447	10.6602673	12.3045057	10.4951836	10.9799367	9.3397503	12.6245188	7.0514858	7.26495
01 Nov 1993	4.75	2.2	0.2	10.9358554	10.6076867	12.2477165	10.3411312	11.0715317	9.2229611	12.3347651	7.0338519	7.17942
01 Dec 1993	4.75	1.8	1.8	10.7413315	10.5016157	12.1894026	10.1789271	11.0827687	9.0479158	12.0712222	7.0968175	7.092558
01 Jan 1994	4.75	1.8	1.8	10.559899	10.3530245	12.0855203	10.0117729	11.0023661	8.8609125	11.891013	7.1835296	7.0040116
01 Feb 1994	4.75	1.8	1.8	10.4018253	10.1970307	11.8964649	9.8408735	10.8382066	8.7144206	11.7689951	7.1963837	6.8966396
01 Mar 1994	4.75	1.5	1.8	10.336449	10.0561861	11.6321053	9.6605432	10.6534983	8.6084578	11.6530957	7.1184613	6.7685369
01 Apr 1994	4.75	1.5	1.8	10.0460058	9.9318834	11.3338527	9.4808993	10.513843	8.5369119	11.4867187	7.0075374	6.6312401
01 May 1994	4.75	1.5	1.8	9.7581425	9.8210462	11.0422529	9.3083679	10.4301001	8.4876631	11.2518487	6.9853953	6.5566685
01 Jun 1994	4.75	1.8	1.1	9.8319623	9.6855595	10.7728634	9.1667284	10.3922346	8.4375932	10.9711837	7.0952883	6.6003771
01 Jul 1994	4.75	1.8	1.1	9.5963778	9.5213101	10.5326406	9.0429347	10.3916732	8.3539933	10.708497	7.2978212	6.7627581
01 Aug 1994	5.11	1.8	1.1	9.4415604	9.3345004	10.3392738	8.925865	10.4080909	8.2002851	10.5364513	7.5241135	6.9764063
01 Sep 1994	5.5	2	1	9.3572673	9.1488486	10.1842042	8.8009623	10.3903492	8.0113223	10.5033789	7.7052582	7.1446546
01 Oct 1994	5.79	2	1	9.0831481	8.9920299	10.0492464	8.6722571	10.3253223	7.8332365	10.5862975	7.7701264	7.2208505
01 Nov 1994	6.5	2	1	9.131883	8.8564122	9.90153	8.5430233	10.2359782	7.7034907	10.7022872	7.7015517	7.2230467
01 Dec 1994	7.05	2.6	0.5	8.921926	8.7219242	9.7267482	8.4496608	10.1543432	7.6223686	10.7747941	7.4687213	7.1664619
01 Jan 1995	7.5	2.6	0.5	8.8493822	8.5666833	9.5209859	8.4365839	10.0872002	7.5718287	10.7979218	7.1411264	7.086793
01 Feb 1995	7.5	2.6	0.5	8.8259139	8.3675756	9.3005327	8.50469	10.0441192	7.5349328	10.7467062	6.8048745	7.0239739
01 Mar 1995	7.5	3.7	0.2	8.6055559	8.1571708	9.08328	8.6141224	10.0365222	7.4917834	10.6036885	6.5924049	6.9989838
01 Apr 1995	7.5	3.7	0.2	8.2524148	7.9674522	8.8835416	8.724582	10.0522942	7.4506845	10.410184	6.5164827	6.9916583
01 May 1995	7.5	3.7	0.2	8.467082	7.8114172	8.7653914	8.8142996	10.0836649	7.4033848	10.165995	6.5896744	6.9441983
01 Jun 1995	7.5	4.5	0.7	8.3626295	7.714556	8.7527747	8.8850773	10.1059142	7.3773446	9.9249947	6.7985908	6.829541
01 Jul 1995	7.5	4.5	0.7	8.3991821	7.6673717	8.802157	8.9513725	10.0672137	7.3850147	9.7295261	7.0837741	6.7377534
01 Aug 1995	7.5	4.5	0.7	8.3181631	7.6456215	8.8422516	9.0381602	9.9588627	7.443619	9.6393523	7.3374909	6.7065563
01 Sep 1995	7.5	5.1	1.8	8.3666689	7.6281864	8.8416209	9.142111	9.8104589	7.5308639	9.6142467	7.4119358	6.7454155
01 Oct 1995	7.5	5.1	1.8	8.5663694	7.5900761	8.795162	9.221409	9.6503714	7.6169938	9.6496338	7.2839627	6.8393602
01 Nov 1995	7.5	5.1	1.8	8.4414861	7.5611293	8.7310077	9.2493678	9.5176707	7.6823208	9.7347595	7.05784	6.9811699
01 Dec 1995	7.5	5.1	0.5	8.1310714	7.5771017	8.6888153	9.2264935	9.4600822	7.6969015	9.8174401	6.8946998	7.1730307
01 Jan 1996	7.5	5.1	0.5	8.4445094	7.6346035	8.6527483	9.1598592	9.4771063	7.6666329	9.8731594	6.8362434	7.3913435
01 Feb 1996	7.5	5.1	0.5	8.3319266	7.7102741	8.6123073	9.0989571	9.5260614	7.6071921	9.9457968	6.8702588	7.6008589
01 Mar 1996	7.5	3.8	1.9	8.4129847	7.7906166	8.5589291	9.1058388	9.5735096	7.547237	10.0568065	6.9170843	7.8110851
01 Apr 1996	7.5	3.8	1.9	8.5636145	7.8589923	8.5096981	9.1797195	9.5862695	7.5133834	10.1777268	6.8977564	8.0050505
01 May 1996	7.5	3.8	1.9	8.4059104	7.9197234	8.4765712	9.3062129	9.549057	7.507194	10.3095434	6.7560918	8.1971355
01 Jun 1996	7.5	3.1	0.3	8.2596551	7.952547	8.4939488	9.4360913	9.4949711	7.5316754	10.3952971	6.4398989	8.3479491
01 Jul 1996	7.48	3.1	0.3	8.5437257	7.9460317	8.6140923	9.5108189	9.4735839	7.5765994	10.4042634	6.0109376	8.4426254
01 Aug 1996	7	3.1	0.3	8.7236779	7.9102037	8.8083044	9.5245467	9.5012972	7.6201893	10.363092	5.6126151	8.4934644
01 Sep 1996	7	2.1	1.2	8.5793934	7.8557047	9.0025623	9.4861392	9.5570115	7.6416996	10.3350514	5.3840277	8.5230215
01 Oct 1996	7	2.1	1.2	8.7513094	7.8089409	9.1260127	9.4502256	9.6103484	7.6475605	10.3473113	5.3434183	8.5177329
01 Nov 1996	6.57	2.1	1.2	8.4621449	7.7690904	9.1566625	9.4373671	9.6546245	7.6491598	10.4124566	5.4207981	8.4364231
01 Dec 1996	6.18	1.5	0.6	8.6141972	7.754815	9.0984468	9.480253	9.6771514	7.6327908	10.5228632	5.5601446	8.2684354
01 Jan 1997	6	1.5	0.6	8.5510915	7.7651514	9.0142795	9.5603758	9.6831849	7.5775272	10.6176154	5.7530256	8.0441949
01 Feb 1997	6	1.5	0.6	8.7102049	7.7972919	8.9551779	9.6222902	9.6950373	7.4819503	10.7089575	5.9085345	7.8060508
01 Mar 1997	6	1.4	0.4	8.5866981	7.8305831	8.9414322	9.6396818	9.7118419	7.372428	10.7885458	5.938565	7.5894863
01 Apr 1997	6	1.4	0.4	8.5495129	7.8358215	8.9703511	9.5943847	9.7321229	7.2750502	10.8713976	5.8801534	7.4342407
01 May 1997	5.86	1.4	0.4	8.5386322	7.8181319	9.0068265	9.4937204	9.7310923	7.1801536	10.9303657	5.7181307	7.3963082
01 Jun 1997	5.5	0.3	3	8.3334729	7.7911665	8.9944101	9.3538543	9.695966	7.0534328	10.9656058	5.4569362	7.4646435
01 Jul 1997	5.46	0.3	3	8.5656458	7.7667729	8.8933515	9.2208441	9.6318135	6.9061362	11.0029373	5.1438314	7.5889643
01 Aug 1997	5	0.3	3	8.4638988	7.7133943	8.7243625	9.0929261	9.5553982	6.763533	11.0216954	4.7986155	7.7176623
01 Sep 1997	5	-0.4	0.1	8.0726777	7.6318868	8.5181945	8.9748716	9.4840909	6.6537797	11.0171392	4.4561078	7.8021314
01 Oct 1997	5	-0.4	0.1	8.0250417	7.5271107	8.3014868	8.8714419	9.4367611	6.5805354	10.9805997	4.2838035	7.8214837
01 Nov 1997	5	-0.4	0.1	7.9841816	7.4171913	8.1283797	8.7617526	9.4062839	6.5590196	10.9006294	4.3669298	7.7643608
01 Dec 1997	5	-0.3	1.5	7.8947554	7.3133646	8.0251998	8.6288333	9.3837338	6.5717351	10.7636424	4.6635892	7.6460583
01 Jan 1998	5	-0.3	1.5	7.8520899	7.2338315	7.9897855	8.4756269	9.368157	6.6154571	10.5568088	5.0503711	7.4602283
01 Feb 1998	5	-0.3	1.5	7.7804611	7.1931611	7.9943355	8.3550251	9.3655969	6.6753909	10.3133425	5.378661	7.2312252
01 Mar 1998	5	-0.1	0.4	7.8786599	7.1733365	8.0139119	8.2848832	9.392169	6.748003	10.1139338	5.520796	7.0189749
01 Apr 1998	5	-0.1	0.4	7.5858214	7.1900238	8.0153666	8.2748163	9.4762467	6.8153599	10.0222582	5.4299316	6.8377311
01 May 1998	5	-0.1	0.4	7.7531446	7.2081128	7.9862974	8.3470971	9.5865375	6.8738017	10.0442405	5.1669425	6.7143173
01 Jun 1998	5	0.7	1.5	7.8315934	7.1997074	7.9392295	8.4618222	9.6805962	6.89033	10.106679	4.8578539	6.6354524
01 Jul 1998	5	0.7	1.5	7.9513691	7.1613088	7.8793793	8.562328	9.7093171	6.8344317	10.1558809	4.578117	6.5824403
01 Aug 1998	5	0.7	1.5	7.754043	7.0930431	7.7915802	8.597495	9.6513619	6.7219825	10.1525927	4.3583634	6.5213198
01 Sep 1998	5	1.4	1.7	7.6388883	6.9877111	7.6835065	8.5374116	9.5164598	6.6029758	10.1240829	4.1402173	6.4333435
01 Oct 1998	5	1.4	1.7	7.3058703	6.8571526	7.569725	8.3792906	9.3361418	6.5191477	10.0881571	3.897258	6.3162778
01 Nov 1998	5	1.4	1.7	7.6332729	6.7354674	7.44281	8.152096	9.1364051	6.504032	10.0337622	3.672878	6.1799274
01 Dec 1998	4.76	1.5	1.4	7.1683349	6.6470021	7.3345328	7.90507	8.9587701	6.5487573	9.9939313	3.5300473	6.0617636
01 Jan 1999	4.75	1.5	1.4	7.11106	6.5810093	7.2619827	7.6972632	8.8000336	6.6106069	9.9664997	3.4729515	5.9685096
01 Feb 1999	4.75	1.5	1.4	7.1204521	6.495745	7.2284854	7.5630263	8.6217149	6.6374279	9.90718	3.4860409	5.8697407
01 Mar 1999	4.75	1.2	0.7	7.0076454	6.3743469	7.2194296	7.4981279	8.4110386	6.5939086	9.7559023	3.509669	5.7220943
01 Apr 1999	4.75	1.2	0.7	6.9636146	6.2574915	7.2282437	7.4961948	8.1715849	6.4883469	9.510551	3.5023941	5.5442346
01 May 1999	4.75	1.2	0.7	7.0122376	6.1958549	7.2247109	7.545535	7.9636792	6.3625995	9.2307048	3.4829601	5.3594647
01 Jun 1999	4.75	1	0.6	6.6508407	6.1841116	7.1785576	7.6209118	7.8244749	6.2664621	8.979424	3.4399998	5.2353061
01 Jul 1999	4.75	1	0.6	6.6572997	6.1775625	7.0770299	7.7024702	7.7536653	6.2242404	8.8314599	3.3870543	5.2158414
01 Aug 1999	4.75	1	0.6	6.9079665	6.1625533	6.9520586	7.7752407	7.7398496	6.2471866	8.7820825	3.3754408	5.2998759
01 Sep 1999	4.75	1.8	1	7.0466423	6.1131218	6.8265281	7.8329336	7.7621456	6.3312149	8.8301341	3.4911038	5.4321943
01 Oct 1999	4.75	1.8	1	6.7683763	6.0298043	6.7276345	7.8717777	7.8158415	6.4304869	8.8894795	3.6872686	5.5150978
01 Nov 1999	4.98	1.8	1	6.4447683	5.9183427	6.6674033	7.892552	7.8597156	6.5018801	8.9068271	3.8754754	5.4830465
01 Dec 1999	5	1.9	1.2	6.6706594	5.8050147	6.6383669	7.8983382	7.9056571	6.5066784	8.8652604	4.0447467	5.3222625
01 Jan 2000	5	1.9	1.2	6.7642993	5.7215413	6.627364	7.8643871	7.9596422	6.4360728	8.7741564	4.1626853	5.0953318
01 Feb 2000	5.48	1.9	1.2	6.6226951	5.6701401	6.6161706	7.7919516	8.0267551	6.2890018	8.6656923	4.2250756	4.8845602
01 Mar 2000	5.5	2.8	1.2	6.5590136	5.617052	6.5692073	7.6911348	8.0761432	6.1106659	8.5814766	4.207431	4.6973007
01 Apr 2000	5.72	2.8	1.2	6.3639903	5.5108109	6.4754692	7.5703005	8.0624411	5.9366754	8.5548375	4.1561455	4.5360617
01 May 2000	5.98	2.8	1.2	6.4009975	5.3581782	6.3428136	7.4321067	7.9628609	5.789262	8.5560955	4.0825049	4.3959586
01 Jun 2000	6	3.1	0.6	6.1103289	5.2131066	6.1997642	7.3127824	7.7874865	5.7011236	8.5630617	4.0477143	4.2671674
01 Jul 2000	6	3.1	0.6	5.9381751	5.1249519	6.0661157	7.2693249	7.6005468	5.6962073	8.537237	4.1021681	4.1462978
01 Aug 2000	6.24	3.1	0.6	6.0533416	5.0942795	5.9541277	7.2926903	7.4376462	5.7511905	8.5258418	4.2470963	4.0490472
01 Sep 2000	6.25	6.1	0.1	5.9662412	5.1304442	5.863676	7.3788615	7.3156959	5.8161937	8.5507607	4.5039866	4.0051373
01 Oct 2000	6.25	6.1	0.1	6.0028088	5.2177403	5.8113247	7.5045252	7.2156275	5.8908596	8.6056141	4.8170114	4.0133389
01 Nov 2000	6.25	6.1	0.1	6.2684843	5.3262685	5.7987644	7.6423457	7.1446202	5.9769965	8.6750694	5.1093686	4.081078
01 Dec 2000	6.25	5.8	-0.3	6.232414	5.4272755	5.8267916	7.7979613	7.096343	6.0744777	8.7366028	5.2982141	4.1954994
01 Jan 2001	6.25	5.8	-0.3	6.1388337	5.4986071	5.8787275	7.9858569	7.0582989	6.2287927	8.7796138	5.4173383	4.3600594
01 Feb 2001	5.85	5.8	-0.3	6.5035298	5.5364687	5.9566307	8.1804026	7.063837	6.4777686	8.8021866	5.5279904	4.6159046
01 Mar 2001	5.55	6	1	6.4502294	5.5644252	6.0511409	8.338831	7.1258296	6.7758772	8.816516	5.7431063	4.9436162
01 Apr 2001	5.06	6	1	6.7711412	5.7263074	6.2791073	8.6015103	7.3793676	7.2093473	9.0370734	6.1965281	5.3831099
01 May 2001	5	6	1	6.8782812	5.7966871	6.3479013	8.5794766	7.4808408	7.4058472	9.0969625	6.5565021	5.5726439
01 Jun 2001	5	6.1	0.8	6.9268653	5.9123059	6.3988131	8.4837766	7.5339512	7.4711669	9.1766839	6.9280503	5.5717859
01 Jul 2001	5	6.1	0.8	6.8648692	6.0507991	6.4447973	8.3644151	7.514046	7.3833243	9.2214497	7.2280603	5.3741543
01 Aug 2001	5	6.1	0.8	6.8843937	6.1916125	6.505523	8.2780792	7.4437638	7.2071644	9.1898213	7.4545178	5.0543822
01 Sep 2001	4.78	2.5	1.1	6.8432978	6.2990066	6.5783761	8.2550577	7.359066	7.0308247	9.0809532	7.5816342	4.7244207
01 Oct 2001	4.52	2.5	1.1	7.182638	6.3388275	6.644674	8.2653223	7.2935489	6.8752881	8.9385285	7.6288469	4.4711856
01 Nov 2001	4.5	2.5	1.1	6.8946067	6.3165058	6.6652815	8.2579385	7.2472127	6.7450571	8.79055	7.6516383	4.3301649
01 Dec 2001	4.28	3.1	1.2	6.8524996	6.247261	6.5984213	8.1798521	7.1931799	6.655085	8.6642737	7.5677585	4.2685234
01 Jan 2002	4.25	3.1	1.2	6.9044861	6.1684035	6.4573508	8.03373	7.1208484	6.5725373	8.5950339	7.3100048	4.281473
01 Feb 2002	4.25	3.1	1.2	6.5349485	6.1097724	6.2674696	7.8664067	7.024354	6.4459634	8.5845315	6.8614125	4.29488
01 Mar 2002	4.25	3	0.8	6.4202252	6.0798718	6.077984	7.7159799	6.9106613	6.2995088	8.5949438	6.3296559	4.286553
01 Apr 2002	4.25	3	0.8	6.3347714	6.0711897	5.9378194	7.6009551	6.8215437	6.1698878	8.6077226	5.7823074	4.280055
01 May 2002	4.45	3	0.8	6.3579248	6.0521068	5.8799029	7.5277725	6.772177	6.0744802	8.6405666	5.3656682	4.2848215
01 Jun 2002	4.72	2.8	1.6	6.4903358	5.995098	5.8920277	7.4768022	6.7776305	6.0264622	8.6550991	5.0785208	4.3414722
01 Jul 2002	4.75	2.8	1.6	6.1699368	5.9135814	5.9364054	7.4406845	6.7973245	6.029997	8.6321189	4.9498757	4.4057939
01 Aug 2002	4.75	2.8	1.6	6.3596699	5.8345621	5.9720303	7.403777	6.7728687	6.0707218	8.5719272	4.9648042	4.4189657
01 Sep 2002	4.75	3.2	0.3	6.3145851	5.785355	5.9523403	7.3463335	6.6866333	6.1133834	8.4952312	5.0271396	4.3698448
01 Oct 2002	4.75	3.2	0.3	6.1178813	5.7840968	5.8635991	7.2832233	6.5459305	6.1378388	8.4775838	5.0771964	4.316284
01 Nov 2002	4.75	3.2	0.3	6.164787	5.8062005	5.7288841	7.2400298	6.3814509	6.1323511	8.549479	5.0542716	4.2795501
01 Dec 2002	4.75	2.9	0.9	6.1749677	5.8312055	5.5968602	7.2124998	6.2335311	6.0733113	8.6742865	5.0481484	4.2597359
01 Jan 2003	4.75	2.9	0.9	6.0713812	5.8378283	5.5098499	7.1826574	6.1279601	5.9696967	8.823674	5.1827471	4.2391546
01 Feb 2003	4.75	2.9	0.9	5.9521618	5.8335831	5.4953274	7.1406745	6.0787965	5.8630189	8.9139768	5.4209837	4.2257221
01 Mar 2003	4.75	3.3	0	6.1217577	5.8313385	5.5652236	7.0854267	6.0782393	5.7752156	8.8621824	5.6476504	4.2474293
01 Apr 2003	4.75	3.3	0	6.0202011	5.8342883	5.6602037	7.0062238	6.0972858	5.7203824	8.6437646	5.788529	4.2685088
01 May 2003	4.75	3.3	0	6.0566001	5.8361484	5.7360687	6.9041612	6.1109631	5.709282	8.2870991	5.8994082	4.2784424
01 Jun 2003	4.75	2.6	0.6	6.0509115	5.8340092	5.7458364	6.7829077	6.1105043	5.7585775	7.9045341	5.9661363	4.2544524
01 Jul 2003	4.75	2.6	0.6	6.1200692	5.8033981	5.6838451	6.6545203	6.1058124	5.8534157	7.5730887	6.0330369	4.2254233
01 Aug 2003	4.75	2.6	0.6	5.8242457	5.7358914	5.5769037	6.5199749	6.110848	5.9557541	7.2927107	6.05689	4.2145497
01 Sep 2003	4.75	2.6	1.6	5.7786993	5.6400048	5.4805956	6.3889427	6.1319469	6.0354332	7.0748613	6.0131994	4.1680128
01 Oct 2003	4.75	2.6	1.6	5.7725514	5.5331275	5.4308519	6.2638603	6.1639744	6.0640725	6.9051034	5.876892	4.0688598
01 Nov 2003	4.98	2.6	1.6	5.6588751	5.4364136	5.4293233	6.1540459	6.18927	6.0151548	6.768041	5.5840246	3.9539646
01 Dec 2003	5.23	2.4	1.7	5.6763465	5.3641049	5.4511517	6.0733692	6.1771209	5.8896881	6.6536174	5.1567432	3.8643176
01 Jan 2004	5.25	2.4	1.7	5.5233772	5.3161077	5.4598274	6.0151946	6.1169936	5.7298104	6.5423559	4.7285215	3.7900971
01 Feb 2004	5.25	2.4	1.7	5.6400736	5.2962634	5.4295982	5.9604716	6.0331762	5.5728296	6.461006	4.4949742	3.7101415
01 Mar 2004	5.25	2	0.8	5.4286416	5.3095947	5.3733531	5.8915602	5.9726728	5.4290084	6.447318	4.558247	3.6062717
01 Apr 2004	5.25	2	0.8	5.4988239	5.3562691	5.3300762	5.8103065	5.9713539	5.3085883	6.4889852	4.9138587	3.5207366
01 May 2004	5.25	2	0.8	5.3253531	5.4005329	5.3333462	5.6975632	6.0318468	5.2143753	6.571757	5.4495681	3.5050066
01 Jun 2004	5.25	2.5	0.5	5.4588208	5.4165017	5.3929164	5.545674	6.1131114	5.128999	6.6479501	6.034052	3.5623055
01 Jul 2004	5.25	2.5	0.5	5.5441484	5.3906322	5.5009689	5.3725115	6.1285826	5.0222727	6.6688338	6.5132842	3.6814657
01 Aug 2004	5.25	2.5	0.5	5.5294292	5.3245959	5.6125665	5.204268	6.0364131	4.9009811	6.6124894	6.7235089	3.8032564
01 Sep 2004	5.25	2.3	0.8	5.3726711	5.2316109	5.6876046	5.0600484	5.8488156	4.7693076	6.4632201	6.6309276	3.8909651
01 Oct 2004	5.25	2.3	0.8	5.1145413	5.1534964	5.6986781	4.9255383	5.6216846	4.6472587	6.2269748	6.3294741	3.9074812
01 Nov 2004	5.25	2.3	0.8	5.1617906	5.1208167	5.6511996	4.8029238	5.4377855	4.5629798	6.0034058	5.9643643	3.8333064
01 Dec 2004	5.25	2.5	0.8	5.0646996	5.1389478	5.5687035	4.7269041	5.328881	4.5216499	5.8671934	5.6786935	3.6812501
01 Jan 2005	5.25	2.5	0.8	5.0696298	5.1867804	5.4906707	4.7107305	5.3074433	4.5227014	5.840479	5.4927827	3.4983522
01 Feb 2005	5.25	2.5	0.8	5.0800137	5.2260333	5.4326713	4.7345205	5.331841	4.5611332	5.8907422	5.4157737	3.33476
01 Mar 2005	5.49	2.4	0.8	5.154853	5.2145365	5.3850316	4.7882391	5.3495249	4.6221433	5.9709726	5.3899972	3.2129546
01 Apr 2005	5.5	2.4	0.8	5.1148347	5.1552221	5.3364747	4.8475178	5.319118	4.6665473	6.0192373	5.3462646	3.1098075
01 May 2005	5.5	2.4	0.8	5.0886335	5.0804181	5.2928883	4.8940767	5.2352278	4.6504252	6.0160469	5.2526532	3.047746
01 Jun 2005	5.5	2.5	0.6	4.9464728	5.0171291	5.2630135	4.9133036	5.1160482	4.5599221	6.0292107	5.1500011	3.0529809
01 Jul 2005	5.5	2.5	0.6	4.9663455	4.9833658	5.2515286	4.8809307	4.9983935	4.4236521	6.0935515	5.0873057	3.118318
01 Aug 2005	5.5	2.5	0.6	4.9097565	5.0088539	5.2602167	4.811299	4.8929403	4.2777761	6.2169529	5.1027164	3.2166784
01 Sep 2005	5.5	3.1	1.1	5.0007982	5.0944381	5.2868068	4.7519058	4.7984989	4.1635926	6.380545	5.2526074	3.3354651
01 Oct 2005	5.5	3.1	1.1	5.007101	5.1926362	5.3138556	4.745936	4.7402817	4.1130333	6.543286	5.5112282	3.4236623
01 Nov 2005	5.5	3.1	1.1	4.9329566	5.2695963	5.3280821	4.7851694	4.729371	4.1200398	6.6433327	5.7996695	3.4512652
01 Dec 2005	5.5	2.8	0.8	5.0677231	5.3117331	5.3180226	4.8299798	4.7677386	4.1486049	6.6519076	6.0428276	3.4381107
01 Jan 2006	5.5	2.8	0.8	5.1620071	5.3189334	5.2825456	4.8561719	4.8306115	4.1522123	6.6300253	6.1438937	3.4010028
01 Feb 2006	5.5	2.8	0.8	5.0989166	5.2937471	5.2389376	4.8507372	4.8942613	4.0665655	6.5992887	6.0563987	3.3394801
01 Mar 2006	5.5	2.9	0.2	4.8606167	5.2517028	5.1912913	4.7957576	4.9513622	3.8878241	6.5638838	5.8107304	3.2625863
01 Apr 2006	5.5	2.9	0.2	4.9568574	5.2179095	5.1345136	4.7151713	4.982371	3.6540683	6.5331196	5.5049655	3.1824546
01 May 2006	5.73	2.9	0.2	4.7889405	5.1934994	5.0628314	4.6322311	4.9644384	3.4494092	6.5026612	5.1857184	3.0914923
01 Jun 2006	5.75	4	0.1	4.8044591	5.1784936	4.9806177	4.5497315	4.9003593	3.3222892	6.4486154	4.8945766	2.9854461
01 Jul 2006	5.75	4	0.1	4.651784	5.1550796	4.9020884	4.4706146	4.8270946	3.283617	6.3812641	4.6062426	2.9002854
01 Aug 2006	5.99	4	0.1	4.7185188	5.0986946	4.8460399	4.3810393	4.799041	3.3115941	6.3160103	4.210841	2.867868
01 Sep 2006	6	4	1.3	4.6627231	5.0213559	4.8227441	4.2794731	4.8531831	3.3741365	6.2224978	3.6961931	2.8876154
01 Oct 2006	6	4	1.3	4.4563429	4.9583899	4.8323024	4.1868131	4.9688772	3.418208	6.0874143	3.1675197	2.9355918
01 Nov 2006	6.19	4	1.3	4.5125467	4.9351314	4.8624715	4.1201548	5.1095267	3.3942233	5.9374551	2.8068261	2.9977666
01 Dec 2006	6.25	3.3	1.4	4.566645	4.9506864	4.8895631	4.0650978	5.2211424	3.2853597	5.7579903	2.7271242	3.0348834
01 Jan 2007	6.25	3.3	1.4	4.5555489	4.992162	4.9008412	3.9959635	5.2621207	3.1444678	5.5469201	2.9703524	3.0405066
01 Feb 2007	6.25	3.3	1.4	4.6291614	5.0235734	4.8734672	3.9039387	5.2287538	3.0346118	5.3245958	3.4441887	3.0448964
01 Mar 2007	6.25	2.5	1.5	4.4566307	5.0190067	4.8155656	3.7909315	5.1380438	2.9975177	5.1421431	3.9926545	3.0420316
01 Apr 2007	6.25	2.5	1.5	4.3796643	4.9575602	4.7447449	3.6723677	5.0152848	3.0222978	5.0049362	4.4396153	3.0155555
01 May 2007	6.25	2.5	1.5	4.257332	4.8565696	4.6567321	3.5815057	4.918671	3.1039884	4.9383272	4.6727127	2.9533287
01 Jun 2007	6.25	2.1	0.8	4.3234935	4.7551181	4.5651916	3.5564594	4.8775167	3.2119628	4.9609263	4.709238	2.8814814
01 Jul 2007	6.25	2.1	0.8	4.2487296	4.6770857	4.5051574	3.5884586	4.8805148	3.3179275	5.0638634	4.6701787	2.8031828
01 Aug 2007	6.45	2.1	0.8	4.3036007	4.6447325	4.4963985	3.6448613	4.9048172	3.3972418	5.1996588	4.6859635	2.7085101
01 Sep 2007	6.5	1.8	1	4.2079185	4.644129	4.5339321	3.6872501	4.9264654	3.4308019	5.3104164	4.802535	2.6019667
01 Oct 2007	6.5	1.8	1	4.3189616	4.6419812	4.5795113	3.6870218	4.921864	3.4175312	5.360075	4.9552017	2.5209824
01 Nov 2007	6.7	1.8	1	4.4215873	4.6167139	4.6050062	3.6522402	4.8721066	3.3705104	5.320259	5.0711235	2.4955474
01 Dec 2007	6.75	2.9	0.5	4.3079613	4.5653946	4.5888712	3.6175037	4.7946071	3.3136957	5.1878113	5.0616474	2.5264024
01 Jan 2008	6.75	2.9	0.5	4.2175767	4.5115131	4.5328935	3.6064208	4.7305366	3.2618479	4.980733	4.9091554	2.5895307
01 Feb 2008	6.96	2.9	0.5	3.9752808	4.4743864	4.4736967	3.6315533	4.7073345	3.2313561	4.7274287	4.6413817	2.6275765
01 Mar 2008	7.22	4.3	1.2	4.0560696	4.46794	4.4393745	3.6730991	4.7094081	3.2309351	4.4926486	4.273587	2.6502484
01 Apr 2008	7.25	4.3	1.2	4.258603	4.4956993	4.4350329	3.7025292	4.7391363	3.2464706	4.3127832	3.8288433	2.689439
01 May 2008	7.25	4.3	1.2	4.2593461	4.5569679	4.4578909	3.7011475	4.7888337	3.2222447	4.1868855	3.3792262	2.7400928
01 Jun 2008	7.25	4.4	0.2	4.2439895	4.6429409	4.4696869	3.6698967	4.8423507	3.1334276	4.088268	3.0209558	2.7672322
01 Jul 2008	7.25	4.4	0.2	4.2464777	4.7330382	4.4430918	3.6189807	4.9065371	2.9919344	4.0437126	2.8155971	2.7690522
01 Aug 2008	7.25	4.4	0.2	4.013979	4.816431	4.385922	3.5856843	4.9865785	2.8271792	4.059795	2.8502982	2.786474
01 Sep 2008	7.02	5	0.8	4.2827048	4.8979109	4.352808	3.6032891	5.0984293	2.702929	4.1327484	3.0930374	2.7701143
01 Oct 2008	6.18	5	0.8	4.2846139	5.0277132	4.4025263	3.6914044	5.2512477	2.7174014	4.2042681	3.4367546	2.7089766
01 Nov 2008	5.33	5	0.8	4.4568483	5.2196017	4.5535259	3.8502997	5.4262806	2.900921	4.2821049	3.781843	2.6107691
01 Dec 2008	4.35	3.7	-0.7	4.5680363	5.4638053	4.7898643	4.0618424	5.5749296	3.2323626	4.4207865	4.0357425	2.5431525
01 Jan 2009	4.25	3.7	-0.7	4.9059972	5.7459933	5.0908378	4.3050923	5.6648537	3.6527431	4.6246257	4.1254476	2.5870799
01 Feb 2009	3.35	3.7	-0.7	5.2978577	6.0250112	5.3925569	4.5710104	5.6937982	4.1130301	4.8077896	4.0745794	2.756789
01 Mar 2009	3.25	2.4	1.1	5.7120984	6.2551401	5.6580617	4.8315085	5.6844302	4.5472159	4.8903046	3.977432	2.9992319
01 Apr 2009	3.06	2.4	1.1	5.5054104	6.3733426	5.8604971	5.0791912	5.6685499	4.9225907	4.8842441	3.9043986	3.2325465
01 May 2009	3	2.4	1.1	5.8046692	6.359362	5.9806492	5.2946516	5.636173	5.2014266	4.8529567	3.8614731	3.4297541
01 Jun 2009	3	1.4	0.5	5.8662492	6.2411893	6.0100774	5.4780126	5.6116496	5.3773185	4.8545478	3.805212	3.5762531
01 Jul 2009	3	1.4	0.5	5.6676656	6.0895747	5.9549341	5.635398	5.6029635	5.4468695	4.9158017	3.6919366	3.6530895
01 Aug 2009	3	1.4	0.5	5.7079345	5.9699164	5.8349931	5.7561384	5.5991521	5.4302801	5.0203305	3.5811962	3.6642756
01 Sep 2009	3	1.2	0.4	5.6495405	5.8962345	5.678566	5.8231985	5.555099	5.3476352	5.188139	3.4962068	3.6778517
01 Oct 2009	3.21	1.2	0.4	5.6172788	5.8431279	5.5139897	5.834175	5.4519548	5.2284269	5.3890375	3.4699861	3.7202811
01 Nov 2009	3.48	1.2	0.4	5.5497524	5.7957391	5.3824576	5.7989592	5.3243803	5.1224602	5.5604029	3.4862573	3.7567231
01 Dec 2009	3.74	2.1	0.7	5.4866731	5.7532002	5.3090822	5.7433221	5.2285552	5.0603686	5.6362809	3.515248	3.7708734
01 Jan 2010	3.75	2.1	0.7	5.2630258	5.6868717	5.29555	5.6778889	5.21034	5.0067125	5.6582081	3.5224562	3.7218426
01 Feb 2010	3.75	2.1	0.7	5.2977913	5.6091248	5.329194	5.6188545	5.2598712	4.9213047	5.7143629	3.4386722	3.6386346
01 Mar 2010	3.98	2.9	0.4	5.4234953	5.5362815	5.3932816	5.5740606	5.3341722	4.7880578	5.850649	3.2317997	3.5576677
01 Apr 2010	4.22	2.9	0.4	5.4948723	5.459381	5.4446259	5.5355344	5.384594	4.6282507	6.0023784	2.9827695	3.4830538
01 May 2010	4.48	2.9	0.4	5.2238025	5.3880397	5.4725239	5.4794394	5.3999078	4.4776556	6.0959889	2.7752417	3.3951716
01 Jun 2010	4.5	3.1	0.6	5.1501575	5.3169	5.4766568	5.4073192	5.3902494	4.3930861	6.0978788	2.700648	3.2932159
01 Jul 2010	4.5	3.1	0.6	5.2830964	5.2436474	5.4581608	5.3393925	5.3697888	4.3731413	5.9968945	2.7512598	3.2017769
01 Aug 2010	4.5	3.1	0.6	5.0199082	5.1701988	5.40777	5.3082462	5.3588846	4.4134865	5.8312372	2.826786	3.1431385
01 Sep 2010	4.5	2.9	0.6	5.0486739	5.0951046	5.3419591	5.333382	5.3899561	4.4783102	5.6625068	2.841787	3.1447782
01 Oct 2010	4.5	2.9	0.6	5.2825818	5.0187212	5.25805	5.4065781	5.4584402	4.5185206	5.5358881	2.7866643	3.1787194
01 Nov 2010	4.73	2.9	0.6	5.09934	4.9474823	5.1434874	5.4990918	5.525427	4.5041836	5.4909462	2.6497771	3.2448892
01 Dec 2010	4.75	2.8	1	4.8694182	4.8892866	5.0201463	5.570052	5.5705852	4.4399912	5.5178821	2.5291384	3.328697
01 Jan 2011	4.75	2.8	1	4.9994418	4.8716816	4.9015267	5.5857743	5.5892988	4.3656446	5.5774699	2.4965803	3.4377019
01 Feb 2011	4.75	2.8	1	4.9765995	4.8958066	4.8106874	5.5307189	5.5743205	4.2920929	5.604905	2.6284691	3.5744779
01 Mar 2011	4.75	3.3	-0.3	4.925196	4.9531346	4.7673941	5.4480192	5.5171643	4.2252166	5.575799	2.9310708	3.7351054
01 Apr 2011	4.75	3.3	-0.3	4.9606823	5.0437207	4.781782	5.3886972	5.4216196	4.1814532	5.4919551	3.2882363	3.9209279
01 May 2011	4.75	3.3	-0.3	5.0075278	5.1409324	4.8508818	5.3763033	5.312859	4.1644704	5.3643983	3.5842999	4.0757314
01 Jun 2011	4.75	3.5	1.1	4.926157	5.207821	4.9557056	5.4174259	5.2198005	4.176295	5.2270353	3.7876591	4.1443914
01 Jul 2011	4.75	3.5	1.1	5.0868688	5.2561182	5.0826111	5.483885	5.1725642	4.2094255	5.137356	3.9274687	4.1123518
01 Aug 2011	4.75	3.5	1.1	5.2543806	5.299922	5.1944835	5.5287913	5.1735962	4.2548065	5.1485331	4.0595042	4.0071666
01 Sep 2011	4.75	3.4	1.2	5.2109698	5.3382136	5.2535115	5.5408595	5.2095906	4.2803773	5.2865295	4.2350503	3.862099
01 Oct 2011	4.75	3.4	1.2	5.1874428	5.3526631	5.2770385	5.5279416	5.2459267	4.2772994	5.5561128	4.4342054	3.7518451
01 Nov 2011	4.51	3.4	1.2	5.2192166	5.3210975	5.2953897	5.4949528	5.2766181	4.2331603	5.9546785	4.5937408	3.6870998
01 Dec 2011	4.3	3	1.1	5.1825459	5.2439779	5.3152133	5.4762222	5.2648162	4.157365	6.4000611	4.6645201	3.6246886
01 Jan 2012	4.25	3	1.1	5.0371106	5.1484431	5.3473514	5.475678	5.2517206	4.0576822	6.7919144	4.6198294	3.5752572
01 Feb 2012	4.25	3	1.1	5.2019143	5.070366	5.4012655	5.4830833	5.2695541	3.9440692	7.0511421	4.496753	3.562319
01 Mar 2012	4.25	1.6	1	5.1772723	5.0199512	5.4553972	5.4768278	5.3241161	3.8380158	7.1323912	4.3536198	3.5920693
01 Apr 2012	4.25	1.6	1	4.9988534	4.9966591	5.5013501	5.4698314	5.4003292	3.7401576	7.0811148	4.2303876	3.6436077
01 May 2012	3.77	1.6	1	5.1920924	5.0020652	5.528882	5.5064367	5.4763767	3.6891731	6.979761	4.1880893	3.7004849
01 Jun 2012	3.54	1.2	0.5	5.1751336	5.0314987	5.530043	5.5880821	5.5355632	3.7128593	6.8682882	4.1690232	3.7515533
01 Jul 2012	3.5	1.2	0.5	5.1769748	5.0653136	5.5095124	5.7209864	5.5574847	3.8129894	6.7759351	4.1298394	3.774144
01 Aug 2012	3.5	1.2	0.5	5.1322048	5.0755955	5.4993896	5.8812731	5.556502	3.959857	6.7640456	4.0720376	3.8066204
01 Sep 2012	3.5	2	0.7	5.4676745	5.0657084	5.5154142	6.009348	5.5650191	4.1055859	6.8302874	4.0336226	3.8839437
01 Oct 2012	3.27	2	0.7	5.4077529	5.0539009	5.5425928	6.0702896	5.5996882	4.2109376	6.9446616	4.0373066	4.0010221
01 Nov 2012	3.25	2	0.7	5.2427158	5.062228	5.5823433	6.0549732	5.6755904	4.2742186	7.0663632	4.1094494	4.162897
01 Dec 2012	3.03	2.2	0.6	5.4133956	5.1014123	5.6340959	5.9697083	5.7788132	4.3342415	7.1263427	4.2505543	4.3504322
01 Jan 2013	3	2.2	0.6	5.3721914	5.1702424	5.6864643	5.8592524	5.8619204	4.429067	7.1688673	4.4656216	4.4823362
01 Feb 2013	3	2.2	0.6	5.4093071	5.253416	5.7299223	5.7879641	5.8931816	4.5613482	7.2225052	4.7492375	4.517381
01 Mar 2013	3	2.5	0.1	5.6288998	5.3522901	5.7565092	5.767903	5.9393829	4.7118625	7.3377053	5.0618351	4.4430373
01 Apr 2013	3	2.5	0.1	5.5954841	5.4570117	5.7565763	5.7915106	6.0008342	4.8448631	7.5160819	5.3594529	4.2996201
01 May 2013	2.8	2.5	0.1	5.6014721	5.5394361	5.7423363	5.8350845	6.0805839	4.9142413	7.7297049	5.6058552	4.1505108
01 Jun 2013	2.75	2.4	0.7	5.7144856	5.6055887	5.7399892	5.8684324	6.1870121	4.8803963	7.9419044	5.7146917	4.0422162
01 Jul 2013	2.75	2.4	0.7	5.6335484	5.6682616	5.7667399	5.8701158	6.3207723	4.7523976	8.0830548	5.7078317	3.9904694
01 Aug 2013	2.55	2.4	0.7	5.8024125	5.7341786	5.8252395	5.8509547	6.4576565	4.579375	8.1112965	5.5478059	3.9928189
01 Sep 2013	2.5	2.2	0.6	5.67039	5.8006715	5.9094512	5.8432134	6.5607832	4.4555213	8.0276414	5.256366	3.9834879
01 Oct 2013	2.5	2.2	0.6	5.809627	5.8387432	6.0185008	5.8565162	6.6416301	4.43281	7.8953589	4.8973289	3.9302459
01 Nov 2013	2.5	2.2	0.6	5.7734855	5.81563	6.1393017	5.8996227	6.7024242	4.5121688	7.7641967	4.5556778	3.8131341
01 Dec 2013	2.5	2.7	0.9	5.8753308	5.7334618	6.2430006	5.9700742	6.733535	4.660227	7.672884	4.2148541	3.6762062
01 Jan 2014	2.5	2.7	0.9	5.9166885	5.6213184	6.3127389	6.0341386	6.7499472	4.8454219	7.6154879	3.8881952	3.5916359
01 Feb 2014	2.5	2.7	0.9	5.8578803	5.5302009	6.3464993	6.0763278	6.7791402	5.017334	7.5566344	3.6973231	3.5669912
01 Mar 2014	2.5	2.9	0.8	5.8707192	5.4883477	6.3741746	6.1239706	6.7899782	5.1247105	7.4909102	3.7084763	3.6212294
01 Apr 2014	2.5	2.9	0.8	5.8270507	5.5091612	6.417784	6.1732219	6.7805665	5.1356484	7.4280649	3.8931332	3.7363488
01 May 2014	2.5	2.9	0.8	5.9223692	5.5846667	6.4934801	6.2371011	6.7651883	5.0872672	7.3751656	4.1369911	3.9201227
01 Jun 2014	2.5	3	0.7	6.0783697	5.6866688	6.5996708	6.3415417	6.7263254	5.0242083	7.3305855	4.3311876	4.1784264
01 Jul 2014	2.5	3	0.7	6.2171494	5.7795333	6.7110156	6.477513	6.6504197	4.9921985	7.2694762	4.4014869	4.4675791
01 Aug 2014	2.5	3	0.7	6.1150192	5.8467832	6.8028773	6.6038558	6.5827405	5.0074611	7.1803502	4.3025409	4.7045975
01 Sep 2014	2.5	2.3	0.4	6.2143749	5.8991544	6.8373799	6.6884916	6.5803793	5.064997	7.0623898	4.0949426	4.842625
01 Oct 2014	2.5	2.3	0.4	6.3441848	5.9527492	6.791793	6.7192215	6.6365799	5.1561379	6.9156806	3.8809281	4.8732838
01 Nov 2014	2.5	2.3	0.4	6.269054	6.0154429	6.6743542	6.7031872	6.7087664	5.2941848	6.769031	3.7553644	4.7914926
01 Dec 2014	2.5	1.7	0.4	6.0760117	6.0658042	6.5170682	6.6610551	6.7744444	5.4357866	6.6808084	3.787746	4.651152
01 Jan 2015	2.5	1.7	0.4	6.3240694	6.0753517	6.3517334	6.5991232	6.8284686	5.537767	6.6734641	3.9711971	4.501472
01 Feb 2015	2.28	1.7	0.4	6.1536863	6.0412044	6.2100715	6.5241448	6.9033374	5.6035655	6.7324462	4.159815	4.3928185
01 Mar 2015	2.25	1.3	1	6.102386	5.9812874	6.1108415	6.4477169	7.0515822	5.6601157	6.8150022	4.2644312	4.3451138
01 Apr 2015	2.25	1.3	1	6.1636789	5.9242995	6.0752835	6.3842467	7.2873018	5.7213797	6.847953	4.3507664	4.3550543
01 May 2015	2.04	1.3	1	5.9398857	5.8901892	6.0795647	6.340843	7.5507355	5.7993152	6.7829018	4.4443566	4.4210185
01 Jun 2015	2	1.5	0.2	6.0512123	5.8788376	6.0950365	6.3001128	7.7774594	5.899888	6.6444793	4.5421273	4.5248642
01 Jul 2015	2	1.5	0.2	6.331544	5.8526484	6.0950327	6.2566905	7.9006741	6.0195027	6.480267	4.5918504	4.6848508
01 Aug 2015	2	1.5	0.2	6.1316733	5.791767	6.0820613	6.2376671	7.8577095	6.1190751	6.3527184	4.5581699	4.8579516
01 Sep 2015	2	1.5	0.8	6.1433528	5.6825304	6.0687251	6.2179889	7.6641793	6.1850567	6.3141439	4.4499274	5.0005767
01 Oct 2015	2	1.5	0.8	5.9280678	5.5417939	6.0670683	6.1719149	7.4360433	6.1926619	6.388108	4.3205143	5.0498527
01 Nov 2015	2	1.5	0.8	5.8394953	5.4069228	6.054344	6.1030546	7.2554143	6.1351603	6.5268661	4.2401215	4.9840487
01 Dec 2015	2	1.7	0.5	5.7175731	5.3047302	6.0210254	6.0423949	7.1236913	6.03267	6.6437605	4.2240045	4.8204475
01 Jan 2016	2	1.7	0.5	6.0194167	5.2498978	5.9620773	6.0339522	7.0477909	5.9171924	6.7102491	4.24453	4.5978723
01 Feb 2016	2	1.7	0.5	5.7041331	5.2361281	5.8828739	6.0848251	6.99915	5.8077425	6.6934669	4.2584044	4.3596277
01 Mar 2016	2	1.3	0.9	5.660992	5.2405098	5.7917835	6.1616697	6.9638223	5.7508143	6.6204616	4.2303229	4.1257427
01 Apr 2016	2	1.3	0.9	5.7138608	5.2361821	5.7171187	6.240264	6.933203	5.7764778	6.5510161	4.1014222	3.9150489
01 May 2016	1.77	1.3	0.9	5.7406169	5.2065352	5.6689313	6.289654	6.883473	5.8680163	6.525321	3.8784475	3.7393239
01 Jun 2016	1.75	1	0.7	5.7456851	5.1499814	5.6641476	6.285488	6.8184398	5.9952324	6.5355671	3.6782681	3.6217001
01 Jul 2016	1.75	1	0.7	5.7505457	5.0851154	5.6933421	6.2315525	6.7643432	6.1367581	6.574721	3.5393375	3.5661412
01 Aug 2016	1.52	1	0.7	5.6569393	5.0241729	5.7415754	6.143005	6.7246174	6.2794002	6.5998158	3.5138511	3.550603
01 Sep 2016	1.5	1.3	-0.4	5.6349069	4.9790346	5.7857723	6.0667462	6.6798962	6.3924423	6.5649132	3.5672765	3.567472
01 Oct 2016	1.5	1.3	-0.4	5.5914736	4.9786359	5.8330754	6.061674	6.6154281	6.4612314	6.4489275	3.6207322	3.6058691
01 Nov 2016	1.5	1.3	-0.4	5.7474972	5.0170255	5.8904348	6.1199234	6.5775598	6.4959019	6.2762215	3.6528957	3.6607808
01 Dec 2016	1.5	1.5	1.1	5.7956454	5.0625403	5.9518465	6.2044771	6.5996451	6.4777163	6.1053483	3.654381	3.6591732
01 Jan 2017	1.5	1.5	1.1	5.6928488	5.0819968	5.9980721	6.2845375	6.666022	6.3901664	5.9768563	3.6104957	3.6393486
01 Feb 2017	1.5	1.5	1.1	5.8610861	5.0526208	6.0206831	6.3388282	6.7509472	6.2436793	5.9095481	3.5202328	3.6537796
01 Mar 2017	1.5	2.1	0.3	5.8647958	4.98302	6.0268742	6.3619072	6.8388537	6.0617807	5.8774451	3.4007975	3.741232
01 Apr 2017	1.5	2.1	0.3	5.6974066	4.9011512	6.0267845	6.3601748	6.9021235	5.8864972	5.8549825	3.2860496	3.9186702
01 May 2017	1.5	2.1	0.3	5.5567422	4.8252402	6.0170472	6.3519123	6.9304002	5.7250307	5.8351234	3.1835732	4.1529169
01 Jun 2017	1.5	2.1	0.3	5.6466258	4.7547365	6.0093682	6.3397856	6.9541176	5.6025742	5.8173998	3.1166661	4.4467834